{"2022-04": 4.069767441860465, "2022-05": 8.108108108108109, "2022-06": 8.173784977908689, "2022-07": 3.870967741935484, "2022-08": 8.205756276791181, "2022-09": 6.804374240583232, "2022-10": 24.390243902439025}