{"2022-07": 14.367899999999999, "2022-08": 62.144466666666666, "2022-09": 22.07828333333333, "2022-10": 40.28253333333334, "2022-11": 41.23151666666667, "2022-12": 5.763633333333333}