{"2022-03": 38.658750000000005, "2022-04": 19.39881666666667, "2022-05": 21.372783333333334, "2022-06": 26.106716666666667, "2022-07": 14.367899999999999, "2022-08": 62.144466666666666, "2022-09": 22.07828333333333, "2022-10": 40.28253333333334, "2022-11": 41.23151666666667, "2022-12": 5.763633333333333, "2023-01": 4.393683333333333}